t,count,mean,std,min,25%,50%,75%,max,alive_plays,share_breached_2yd
0.0,8533.0,70.481,23.401,0.0,67.425,78.209,85.649,100.0,8533,0.01
0.1,8533.0,69.363,23.082,0.0,65.17,76.779,84.48,100.0,8533,0.011
0.2,8533.0,68.31,22.783,0.0,62.873,75.346,83.525,100.0,8533,0.014
0.3,8533.0,67.235,22.452,0.0,60.416,73.932,82.454,100.0,8533,0.016
0.4,8533.0,66.077,22.071,0.0,57.883,72.371,81.4,100.0,8533,0.02
0.5,8533.0,64.785,21.613,0.0,54.991,70.688,80.203,100.0,8533,0.022
0.6,8531.0,63.315,21.045,0.0,51.177,68.275,78.613,100.0,8531,0.025
0.7,8531.0,61.665,20.388,0.0,47.867,65.561,76.617,100.0,8531,0.026
0.8,8529.0,59.858,19.71,0.0,46.234,62.202,74.212,100.0,8529,0.027
0.9,8527.0,57.941,19.138,0.0,45.216,58.962,71.785,100.0,8527,0.027
1.0,8525.0,55.952,18.867,0.0,44.227,56.098,68.77,100.0,8525,0.028
1.1,8522.0,53.961,18.982,0.0,42.484,53.926,66.3,100.0,8522,0.028
1.2,8515.0,51.961,19.5,0.0,40.246,52.247,64.856,100.0,8515,0.028
1.3,8512.0,50.008,20.347,0.0,36.985,50.407,63.763,100.0,8512,0.028
1.4,8500.0,48.12,21.356,0.0,33.753,48.6,62.894,100.0,8500,0.029
1.5,8484.0,46.287,22.366,0.0,30.799,46.116,61.677,100.0,8484,0.03
1.6,8444.0,44.553,23.219,0.0,28.203,44.038,60.488,100.0,8444,0.031
1.7,8356.0,42.877,23.848,0.0,25.925,42.043,58.949,100.0,8356,0.033
1.8,8201.0,41.245,24.289,0.0,23.737,39.942,57.052,100.0,8201,0.035
1.9,7949.0,39.618,24.616,0.0,21.781,37.94,55.232,100.0,7949,0.04
2.0,7677.0,37.977,24.763,0.0,19.643,35.979,52.925,100.0,7677,0.045
2.1,7323.0,36.422,24.861,0.0,17.901,34.03,50.953,100.0,7323,0.055
2.2,7001.0,35.075,24.893,0.0,16.394,32.478,49.443,100.0,7001,0.067
2.3,6662.0,33.885,24.981,0.0,15.114,30.981,47.828,100.0,6662,0.087
2.4,6258.0,32.696,25.04,0.0,13.663,29.576,46.243,100.0,6258,0.11
2.5,5870.0,31.876,25.284,0.0,12.393,28.278,45.244,100.0,5870,0.137
2.6,5444.0,31.189,25.491,0.0,11.077,27.086,44.711,100.0,5444,0.163
2.7,5000.0,30.6,25.738,0.0,10.056,26.311,44.032,100.0,5000,0.188
2.8,4590.0,30.09,25.883,0.0,9.519,25.578,43.708,100.0,4590,0.209
2.9,4199.0,29.778,26.164,0.0,8.718,24.933,43.798,100.0,4199,0.23
3.0,3832.0,29.447,26.35,0.0,7.862,24.353,43.384,100.0,3832,0.246
3.1,3518.0,29.229,26.514,0.0,6.862,24.006,43.382,100.0,3518,0.26
3.2,3203.0,28.802,26.654,0.0,6.049,23.644,43.087,100.0,3203,0.271
3.3,2893.0,28.658,26.976,0.0,5.419,23.085,43.046,100.0,2893,0.281
3.4,2653.0,28.597,27.137,0.0,5.263,22.88,42.7,100.0,2653,0.289
3.5,2397.0,28.492,27.372,0.0,4.531,22.379,43.345,100.0,2397,0.296
3.6,2173.0,28.425,27.746,0.0,3.668,21.744,43.605,100.0,2173,0.301
3.7,1983.0,28.598,28.045,0.0,3.246,21.862,44.313,100.0,1983,0.307
3.8,1841.0,28.849,28.199,0.0,3.321,22.349,45.405,100.0,1841,0.312
3.9,1685.0,29.378,28.668,0.0,2.777,22.742,46.644,100.0,1685,0.314
4.0,1544.0,29.68,29.014,0.0,1.98,22.681,46.87,100.0,1544,0.318
4.1,1421.0,30.267,29.364,0.0,1.49,23.622,47.232,100.0,1421,0.32
4.2,1311.0,30.635,29.454,0.0,1.878,24.276,48.238,100.0,1311,0.322
4.3,1200.0,30.808,29.615,0.0,1.5,24.401,49.083,100.0,1200,0.323
4.4,1124.0,31.106,29.904,0.0,1.5,24.398,49.947,100.0,1124,0.325
4.5,1030.0,31.827,30.204,0.0,1.9,25.035,50.358,100.0,1030,0.327
4.6,941.0,32.143,30.665,0.0,1.712,25.385,50.646,100.0,941,0.328
4.7,861.0,32.822,30.722,0.0,1.911,26.669,51.634,100.0,861,0.329
4.8,793.0,32.616,30.372,0.0,1.896,25.93,52.377,100.0,793,0.33
4.9,730.0,32.888,30.284,0.0,2.243,26.331,53.63,100.0,730,0.33
5.0,656.0,33.605,30.345,0.0,4.88,27.479,53.473,100.0,656,0.331
5.1,600.0,34.598,30.611,0.0,6.007,28.767,54.819,100.0,600,0.332
5.2,559.0,34.705,30.839,0.0,5.897,28.268,55.804,100.0,559,0.332
5.3,520.0,34.947,31.154,0.0,6.124,29.21,56.269,100.0,520,0.332
5.4,475.0,34.881,31.224,0.0,5.897,28.77,55.673,100.0,475,0.333
5.5,443.0,35.534,31.563,0.0,6.128,29.537,56.455,100.0,443,0.334
5.6,402.0,35.246,30.905,0.0,7.937,29.349,54.824,100.0,402,0.334
5.7,367.0,34.979,30.63,0.0,8.111,28.124,56.141,100.0,367,0.334
5.8,330.0,34.556,30.713,0.0,6.212,28.327,54.131,100.0,330,0.334
5.9,296.0,34.255,29.925,0.0,7.404,28.312,51.608,100.0,296,0.334
6.0,261.0,34.075,29.459,0.0,8.917,28.183,50.426,100.0,261,0.335
6.1,241.0,33.682,29.334,0.0,9.223,28.183,49.794,100.0,241,0.335
6.2,221.0,33.92,28.983,0.0,10.527,28.44,47.593,100.0,221,0.335
