feature,odds_ratio_per_sd,sd,mean
surplus,0.725,0.7716,1.1326
leak_1s,0.855,0.1938,0.0263
designed_rollout,0.8641,0.2192,0.0506
offenseFormation_SINGLEBACK,0.8784,0.3459,0.139
qb_snap_depth,0.8805,1.4149,3.9554
offenseFormation_I_FORM,0.9199,0.1837,0.035
tackle_width_1s,0.9538,0.8907,6.9695
offenseFormation_PISTOL,0.9582,0.1332,0.0181
offenseFormation_EMPTY,0.9971,0.3698,0.1635
pff_passCoverageType_Other,1.024,0.2321,0.0572
defendersInBox,1.0471,1.0023,6.0241
play_action,1.0798,0.4262,0.2385
unblocked_1s,1.0922,0.9937,1.8952
pff_passCoverageType_Man,1.0995,0.4538,0.29
ol_depth_1s,1.214,0.6664,1.7675
qb_drift,1.3421,5.5863,6.5224
ttt,2.4183,1.2403,3.123
