gameId,playId,frameId,seconds_after_snap,qb_nflId,predicted_score,target_score,nearest_def_dist_yd,nearest_def_closing_speed,nearest_def_nflId,nearest_def_jersey
2021091909,476,6,0.0,47784,86.652,95.977,5.9,-0.08,43694.0,58.0
2021091909,476,7,0.1,47784,85.258,95.977,5.91,0.007,43694.0,58.0
2021091909,476,8,0.2,47784,87.727,95.203,5.9,0.035,43694.0,58.0
2021091909,476,9,0.3,47784,87.219,94.308,5.9,0.061,43694.0,58.0
2021091909,476,10,0.4,47784,85.352,93.145,5.89,0.102,43694.0,58.0
2021091909,476,11,0.5,47784,84.566,92.967,5.881,0.211,43694.0,58.0
2021091909,476,12,0.6,47784,81.175,92.967,5.853,0.269,43694.0,58.0
2021091909,476,13,0.7,47784,79.675,92.967,5.829,0.251,43694.0,58.0
2021091909,476,14,0.8,47784,78.062,92.967,5.809,0.193,43694.0,58.0
2021091909,476,15,0.9,47784,76.861,92.967,5.799,-0.009,43694.0,58.0
2021091909,476,16,1.0,47784,78.533,92.967,5.825,-0.41,43694.0,58.0
2021091909,476,17,1.1,47784,71.692,92.967,5.841,0.802,44867.0,94.0
2021091909,476,18,1.2,47784,70.64,92.967,5.76,0.647,44867.0,94.0
2021091909,476,19,1.3,47784,68.106,92.967,5.715,0.467,44867.0,94.0
2021091909,476,20,1.4,47784,67.277,92.967,5.657,0.348,44867.0,94.0
2021091909,476,21,1.5,47784,68.072,92.967,5.648,0.104,44867.0,94.0
2021091909,476,22,1.6,47784,68.327,92.97,5.649,-0.015,44867.0,94.0
2021091909,476,23,1.7,47784,68.539,92.97,5.649,-0.07,44867.0,94.0
2021091909,476,24,1.8,47784,69.246,93.418,5.671,-0.172,44867.0,94.0
2021091909,476,25,1.9,47784,70.527,93.865,5.693,-0.164,44867.0,94.0
2021091909,476,26,2.0,47784,71.836,94.225,5.711,-0.135,44867.0,94.0
2021091909,476,27,2.1,47784,74.244,95.481,5.774,-0.29,44867.0,94.0
2021091909,476,28,2.2,47784,77.63,96.204,5.81,-0.294,44867.0,94.0
2021091909,476,29,2.3,47784,79.289,96.941,5.847,-0.264,44867.0,94.0
2021091909,476,30,2.4,47784,80.539,97.878,5.894,-0.303,44867.0,94.0
2021091909,476,31,2.5,47784,79.959,98.382,5.919,-0.346,44867.0,94.0
2021091909,476,32,2.6,47784,75.89,99.547,5.977,-0.427,44867.0,94.0
2021091909,476,33,2.7,47784,76.535,100.0,6.025,-0.506,44867.0,94.0
2021091909,476,34,2.8,47784,77.122,100.0,6.084,-0.583,44867.0,94.0
2021091909,476,35,2.9,47784,74.128,100.0,6.132,-0.637,44867.0,94.0
2021091909,476,36,3.0,47784,73.936,100.0,6.199,-0.615,44867.0,94.0
