model,mean_fit_time,std_fit_time,mean_score_time,std_score_time,param_pca__n_components,param_reg__alpha,split0_test_score,split1_test_score,split2_test_score,mean_test_score,std_test_score,rank_test_score
ridge,6.790169318517049,0.0031418622527599697,0.30514248212178546,0.016745156395040196,0.95,0.01,0.7327663292436166,0.7298682937049211,0.7204620934724807,0.7276989054736728,0.005252189286468025,5
ridge,6.739428997039795,0.05466020688098325,0.2828088601430257,0.024539662886078825,0.95,1.0,0.7327661345278644,0.7298682025886502,0.7204620635161025,0.7276988002108724,0.0052521278781811065,6
ridge,6.7136021455128985,0.09822494163032462,0.30225785573323566,0.007924704028255713,0.95,100.0,0.7327465960319353,0.7298590253940623,0.7204589831189908,0.7276882015149962,0.005245996251748107,7
ridge,6.6767063935597735,0.03664531431937971,0.2843336264292399,0.026598196366945322,0.95,10000.0,0.730286659709459,0.7284315491694762,0.7194767908226379,0.7260649999005243,0.004719726893182695,8
ridge,6.706677357355754,0.030377915648696865,0.30044905344645184,0.011784720878744197,0.99,0.01,0.7632346490652139,0.7686669386440276,0.7601226382323197,0.7640080753138537,0.0035308080758698402,1
ridge,6.614724795023601,0.1348569189913076,0.2805606524149577,0.04595480054784897,0.99,1.0,0.7632344134439826,0.7686666959112495,0.7601224442653598,0.7640078512068639,0.003530789668696445,2
ridge,6.703420082728068,0.0691983862755819,0.3034094174702962,0.009831908368171462,0.99,100.0,0.7632106306044261,0.7686421712541922,0.7601028133975123,0.7639852050853769,0.003528940574829354,3
ridge,6.615685224533081,0.0541721699822254,0.2970450719197591,0.013910818792835164,0.99,10000.0,0.759353427334513,0.7646172355538743,0.7566046876245136,0.7601917835043004,0.0033243908595551566,4
lasso,6.472159147262573,0.1918237547848697,0.2308053175608317,0.0582871350902436,0.95,0.001,0.7327436030357914,0.7298651050057168,0.7204575656658481,0.7276887579024521,0.005246525427958821,5
lasso,6.710756619771321,0.15040312513034246,0.291057825088501,0.01874073053740233,0.95,0.01,0.7325277238177469,0.7298234542221613,0.720411017644816,0.7275873985615746,0.0051931750601609565,6
lasso,6.504984140396118,0.49608180516893013,0.31363725662231445,0.03504052599221201,0.95,0.1,0.7288440510493392,0.7279658416827348,0.7185107717243518,0.725106888152142,0.00467791811739795,7
lasso,6.026138623555501,0.024460433248921328,0.27962207794189453,0.026773668892870944,0.95,0.3,0.7153938025245634,0.7180387805219046,0.7083399352867098,0.7139241727777259,0.004093633953563955,8
lasso,6.430327812830607,0.20523154006167915,0.24317502975463867,0.0737543574135633,0.95,1.0,0.6596003344236174,0.6737130387621655,0.6523406102871232,0.6618846611576353,0.008873510624362504,10
lasso,6.362899859746297,0.6582149534315787,0.31186723709106445,0.03294114178614625,0.99,0.001,0.7632121501532676,0.7686469508009697,0.7601137956570108,0.7639909655370826,0.00352690603119017,1
lasso,5.788679997126262,1.063593866547,0.3432602882385254,0.034941164944562696,0.99,0.01,0.762992731766216,0.7684471688746821,0.7600135859748075,0.7638178288719019,0.003492078565135939,2
lasso,6.3858908812205,0.6000198877500671,0.32229916254679364,0.05914641886276641,0.99,0.1,0.7583541695279316,0.7643589382325321,0.7566668096513866,0.75979330580395,0.003301065024395748,3
lasso,5.0492939949035645,0.5933585998890869,0.20471405982971191,0.0019356768501344903,0.99,0.3,0.7401448156665718,0.7463459860077907,0.7400403288447408,0.7421770435063677,0.0029481961218245467,4
lasso,5.050557772318522,0.21026334262396362,0.19869184494018555,0.00130187145961222,0.99,1.0,0.6598382704839371,0.6776707804230115,0.6581158715539444,0.6652083074869644,0.008840308753272973,9
